,Article Tag,Article Headline,Article Description,Article url,Artical date
0,DevOps,D2iQ Releases DKP 2.0 to Run Kubernetes Apps at Scale,"D2iQ recently released version 2.0 of the D2iQ Kubernetes Platform (DKP), a platform to help organizations run Kubernetes workloads at scale.

The new release provides a single pane of glass for managing multi-cluster environments and running applications across any infrastructure including private cloud, public cloud, or at the network edge.",https://www.infoq.com/news/2021/11/d2iq-dkp-version-2-0/?topicPageSponsorship=85ecff8c-1718-40e8-9b7f-9bdf534d881f,2021-11-28
1,"AI, ML & Data Engineering","PyTorch 1.10 Release Includes CUDA Graphs APIs, Compiler Improvements, and Android NNAPI Support","PyTorch, Facebook's open-source deep-learning framework, announced the release of version 1.10 which includes an integration with CUDA Graphs APIs and JIT compiler updates to increase CPU performance, as well as beta support for the Android Neural Networks API (NNAPI). New versions of domain-specific libraries TorchVision and TorchAudio were also released.",https://www.infoq.com/news/2021/11/pytorch-release-cuda-android/?topicPageSponsorship=85ecff8c-1718-40e8-9b7f-9bdf534d881f,2021-11-26
2,"AI, ML & Data Engineering",QCon Plus ML Panel Discussion: ML in Production - What's Next?,"The recent QCon Plus online conference featured a panel discussion titled ""ML in Production - What's Next?"" Some key takeaways were that many ML projects fail in production because of poor engineering infrastructure and a lack of intra-disciplinary communication, and that both model explainability and ML for edge computing are important technologies that are still not mature.",https://www.infoq.com/news/2021/11/qcon-plus-ml-panel/?topicPageSponsorship=85ecff8c-1718-40e8-9b7f-9bdf534d881f,2021-11-23
3,Cloud,AWS Announces the Availability of EC2 Instances (G5) with NVIDIA A10G Tensor Core GPUs,"Recently AWS announced the availability of new G5 instances, which feature up to eight NVIDIA A10G Tensor Core GPUs. These instances are powered by second-generation AMD EPYC processors.",https://www.infoq.com/news/2021/11/ec2-g5-instances-nvidia/?topicPageSponsorship=85ecff8c-1718-40e8-9b7f-9bdf534d881f,2021-11-19
4,"AI, ML & Data Engineering",Facebook Develops New AI Model That Can Anticipate Future Actions,"Facebook unveiled its latest machine-learning process called Anticipative Video Transformer (AVT), which is able to predict future actions by using visual interpretation. AVT works as an end-to-end attention-based model for action anticipation in videos.",https://www.infoq.com/news/2021/11/facebook-avt-video/?topicPageSponsorship=85ecff8c-1718-40e8-9b7f-9bdf534d881f,2021-11-18
5,"AI, ML & Data Engineering",Roland Meertens on the Unreasonable Effectiveness of Zero Shot Learning,"At the recent QCon Plus online conference, Roland Meertens gave a talk on developing AI-based applications titled ""The Unreasonable Effectiveness of Zero Shot Learning."" He demonstrated two examples of using foundation models and zero shot learning to rapidly deploy prototype applications and gain feedback without needing to gather large datasets and train models.",https://www.infoq.com/news/2021/11/meertens-zero-shot/?topicPageSponsorship=85ecff8c-1718-40e8-9b7f-9bdf534d881f,2021-11-18
6,"AI, ML & Data Engineering",Francesca Lazzeri on What You Should Know before Deploying ML in Production,"At the recent QCon Plus online conference, Dr. Francesca Lazzeri gave a talk on machine learning operations (MLOps) titled ""What You Should Know before Deploying ML in Production."" She covered four key topics, including MLOps capabilities, open source integrations, machine-learning pipelines, and the MLFlow platform.",https://www.infoq.com/news/2021/11/lazzeri-ml-production/?topicPageSponsorship=85ecff8c-1718-40e8-9b7f-9bdf534d881f,2021-11-16
7,Cloud,Google Document Translation Now Generally Available,"Google Cloud recently announced the general availability of Document Translation, a new feature of Translation API Advanced that allows formatting of documents to be retained throughout the translation process.",https://www.infoq.com/news/2021/11/google-document-translation/?topicPageSponsorship=85ecff8c-1718-40e8-9b7f-9bdf534d881f,2021-11-14
8,Culture & Methods,What Machine Learning Can Do for Security,"Machine learning can be applied in various ways in security, for instance, in malware analysis, to make predictions, and for clustering security events. It can also be used to detect previously unknown attacks with no established signature.",https://www.infoq.com/news/2021/11/machine-learning-security/?topicPageSponsorship=85ecff8c-1718-40e8-9b7f-9bdf534d881f,2021-11-11
9,"AI, ML & Data Engineering",BigScience Research Workshop Releases AI Language Model T0,"BigScience Research Workshop released T0, a series of natural language processing (NLP) AI models specifically trained for researching zero-shot multitask learning. T0 can often outperform models 6x larger on the BIG-bench benchmark, and can outperform the 16x larger GPT-3 on several other NLP benchmarks.",https://www.infoq.com/news/2021/11/t0-multitask-nlp/?topicPageSponsorship=85ecff8c-1718-40e8-9b7f-9bdf534d881f,2021-11-09
10,Cloud,Microsoft Releases Azure Open AI Service Including Access to Powerful GPT-3 Models,"At its recent Ignite conference, Microsoft announced the new Azure OpenAI Service in preview, allowing access to OpenAI’s API through the Azure platform. This new Azure Cognitive Service will give customers access to OpenAI’s powerful GPT-3 models, along with security, reliability, compliance, data privacy, and other enterprise-grade capabilities available through the Azure platform.",https://www.infoq.com/news/2021/11/azure-openai-service-gpt3/?topicPageSponsorship=85ecff8c-1718-40e8-9b7f-9bdf534d881f,2021-11-07
11,Cloud,Amazon Releases DL1 Instances Powered by Gaudi Accelerators,"Amazon recently announced the general availability of the EC2 DL1 instances powered by Gaudi accelerators from Habana Labs. The new instances promise better price performances in training deep learning models for use cases such as computer vision, natural language processing, autonomous vehicle perception and recommendation engines.",https://www.infoq.com/news/2021/11/amazon-habana-gaudi/?topicPageSponsorship=85ecff8c-1718-40e8-9b7f-9bdf534d881f,2021-11-07
12,"AI, ML & Data Engineering",Apache Spark Brings Pandas API with Version 3.2,"The Apache Spark team has integrated the Pandas API in the product's latest 3.2 release. With this change, dataframe processing can be scaled to multiple clusters or multiple processors in a single machine using the PySpark execution engine.",https://www.infoq.com/news/2021/11/apache-spark-pandas-api/?topicPageSponsorship=85ecff8c-1718-40e8-9b7f-9bdf534d881f,2021-11-04
13,"AI, ML & Data Engineering",Baidu Announces 11 Billion Parameter Chatbot AI PLATO-XL,"Baidu recently announced PLATO-XL, an AI model for dialog generation, which was trained on over a billion samples collected from social media conversations in both English and Chinese. PLATO-XL achieves state-of-the-art performance on several conversational benchmarks, outperforming currently available commercial chatbots.",https://www.infoq.com/news/2021/11/baidu-chatbot-plato-xl/?topicPageSponsorship=85ecff8c-1718-40e8-9b7f-9bdf534d881f,2021-11-02
14,Cloud,Analyze Video Feeds at the Edge with AWS Panorama Appliance,"Recently, AWS announced the general availability (GA) of AWS Panorama Appliance, a new device that customers can install in their facilities to run applications that analyze multiple video streams from existing on-premises cameras.",https://www.infoq.com/news/2021/10/aws-panorama-edge-ga/?topicPageSponsorship=85ecff8c-1718-40e8-9b7f-9bdf534d881f,2021-10-29
15,Cloud,AWS Announces the Public Preview of AWS Data Exchange for Amazon Redshift,Recently AWS announced the public preview of AWS Data Exchange for Amazon Redshift. This new feature enables customers to find and subscribe to third-party data in AWS Data Exchange to query in an Amazon Redshift data warehouse.,https://www.infoq.com/news/2021/10/aws-dax-amazon-redshift-preview/?topicPageSponsorship=5d648328-967c-4ae9-9990-206e78c20cb0,2021-10-27
16,"AI, ML & Data Engineering",IBM Develops Hardware-Based Vector-Symbolic AI Architecture,"IBM Research recently announced a memory-augmented neural network (MANN) AI system consisting of a neural network controller and phase-change memory (PCM) hardware. By performing analog in-memory computation on high-dimensional (HD) binary vectors, the system learns few-shot classification tasks on the Omniglot benchmark with only 2.7% accuracy drop compared to 32-bit software implementations.",https://www.infoq.com/news/2021/10/ibm-vector-symbolic/?topicPageSponsorship=5d648328-967c-4ae9-9990-206e78c20cb0,2021-10-26
17,Culture & Methods,Lowering Recovery Time through AI-Enabled Troubleshooting,"Machine learning algorithms for anomaly detection can assist DevOps in daily working routines, where generalized ML models are trained and applied to detect hidden patterns and identify suspicious behaviour. Applied machine learning for IT-operations (AIOPs) is starting to move from research environments to production environments in companies.",https://www.infoq.com/news/2021/10/AI-enabled-troubleshooting/?topicPageSponsorship=5d648328-967c-4ae9-9990-206e78c20cb0,2021-10-21
18,Cloud,Microsoft Translator Now Supports over 100 Languages and Dialects,"Microsoft Translator is an Artificial Intelligence (AI)-powered text translation service on Azure and part of the cognitive services offering. Recently, the company announced that 12 new languages and dialects have been added to the service, meaning that it can now translate between more than 100 languages and dialects.",https://www.infoq.com/news/2021/10/azure-translator-100-languages/?topicPageSponsorship=5d648328-967c-4ae9-9990-206e78c20cb0,2021-10-20
19,"AI, ML & Data Engineering",Google's Gated Multi-Layer Perceptron Outperforms Transformers Using Fewer Parameters,"Researchers at Google Brain have announced Gated Multi-Layer Perceptron (gMLP), a deep-learning model that contains only basic multi-layer perceptrons. Using fewer parameters, gMLP outperforms Transformer models on natural-language processing (NLP) tasks and achieves comparable accuracy on computer vision (CV) tasks.",https://www.infoq.com/news/2021/10/google-mlp-vision-language/?topicPageSponsorship=5d648328-967c-4ae9-9990-206e78c20cb0,2021-10-19
20,"AI, ML & Data Engineering",TensorFlow Similarity Supports Fast Query Search Index on Pre-trained Models,"Francois Chollet and his team recently released a Python library for TensorFlow, called TensorFlow Similarity. Similarity learning is the process of finding similar items, from similar clothes in images to person identification using face pictures. Deep-learning models have used a method called contrastive learning to increase accuracy and efficiency in learning similarity between images.",https://www.infoq.com/news/2021/10/TensorFlow-fast-query-search/?topicPageSponsorship=5d648328-967c-4ae9-9990-206e78c20cb0,2021-10-19
21,Development,Intel Loihi 2 and Lava Framework Aim to Advance Neuromorphic Computing Research,"Intel introduced its second-generation neuromorphic chip, Loihi 2, with the aim to provide tools for research in the field of neuromorphic computing. In addition, Intel has released Lava, a software framework to build neuromorphic apps both on conventional and neuromorphic hardware.",https://www.infoq.com/news/2021/10/intel-loihi-lava-framework/?topicPageSponsorship=5d648328-967c-4ae9-9990-206e78c20cb0,2021-10-17
22,Web Development,Streamlining the Handoff between Designers and Developers - Travis Arnold at React Finland 2021,"Travis Arnold recently presented how JSX and compiler technologies can be used conjointly to make the handoff between designers and developers more efficient. While the ideas presented are not yet implemented in any publicly available tool or library, the ideas of Arnold, who describes himself as a designer/developer, may serve to illustrate possible avenues for improved collaboration.",https://www.infoq.com/news/2021/10/handoff-designer-developer-jsx/?topicPageSponsorship=5d648328-967c-4ae9-9990-206e78c20cb0,2021-10-17
23,"AI, ML & Data Engineering","Scikit-learn 1.0 Supports Spline Transformers, Quantile Regression and Improved Plotting API","Scikit-learn, the popular Python-based machine learning (ML) library, has released version 1.0. Although the library has been stable for some time, and the release contains no breaking changes, the project maintainers opted for a major version revision to signal to users that the software is mature and production-ready.",https://www.infoq.com/news/2021/10/scikit-learn-v1-release/?topicPageSponsorship=5d648328-967c-4ae9-9990-206e78c20cb0,2021-10-12
24,"AI, ML & Data Engineering",GitHub's Copilot Still a Long Way From Autopilot,"Three months after GitHub launched Copilot, a group of academics affiliated with New York University's Tandon School of Engineering released their empirical cybersecurity evaluation of Copilot’s code contributions, concluding that 40% of the time, the code created is buggy and vulnerable.",https://www.infoq.com/news/2021/10/github-copilot-study/?topicPageSponsorship=5d648328-967c-4ae9-9990-206e78c20cb0,2021-10-11
25,Cloud,Microsoft Announces the General Availability of Azure Purview,"Recently Microsoft announced the general availability (GA) of Azure Purview, its data governance solution in the cloud. It provides customers with a unified data governance solution for on-premises, cloud, and app-based systems. The GA release is a follow-up from its public preview release almost a year ago.",https://www.infoq.com/news/2021/10/microsoft-azure-purview-ga/?topicPageSponsorship=5d648328-967c-4ae9-9990-206e78c20cb0,2021-10-10
26,"AI, ML & Data Engineering",AWS and NFL Partner to Bolster Next Gen Stats for American Football Games,"For the 2021-2022 NFL season, the NFL and AWS are partnering to add a few new statistics to their Next Gen Stats (NGS) tool. The league will now track fourth down and two-point conversion analytics with Next Gen Stats Decision Guide, powered by AWS.",https://www.infoq.com/news/2021/10/aws-nfl-nextgenstats/?topicPageSponsorship=5d648328-967c-4ae9-9990-206e78c20cb0,2021-10-07
27,Cloud,AWS Announces the General Availability and Open Sourcing of the Amazon Genomics CLI,"Amazon Genomics CLI is a tool that makes it easier to process genomics data at a petabyte-scale on AWS. Earlier this year, the public cloud vendor shared a preview of the tool, and it is now open source and generally available.",https://www.infoq.com/news/2021/10/amazon-genomics-cli-ga/?topicPageSponsorship=5d648328-967c-4ae9-9990-206e78c20cb0,2021-10-06
28,"AI, ML & Data Engineering",MIT Researchers Open-Source Approximate Matrix Multiplication Algorithm MADDNESS,"Researchers at MIT's Computer Science & Artificial Intelligence Lab (CSAIL) have open-sourced Multiply-ADDitioN-lESS (MADDNESS), an algorithm that speeds up machine learning using approximate matrix multiplication (AMM). MADDNESS requires zero multiply-add operations and runs 10x faster than other approximate methods and 100x faster than exact multiplication.",https://www.infoq.com/news/2021/10/mit-matrix-multiplication/?topicPageSponsorship=5d648328-967c-4ae9-9990-206e78c20cb0,2021-10-05
29,Cloud,Amazon QuickSight Q: Answers to Business Intelligence Questions,"Amazon recently announced the general availability of QuickSight Q, a natural language query tool for the enterprise edition of the managed business intelligence service QuickSight.",https://www.infoq.com/news/2021/10/amazon-quicksight-q/?topicPageSponsorship=5d648328-967c-4ae9-9990-206e78c20cb0,2021-10-02
30,"AI, ML & Data Engineering",Stanford Research Center Studies Impacts of Popular Pretrained Models,"Stanford University recently announced a new research center, the Center for Research on Foundation Models (CRFM), devoted to studying the effects of large pretrained deep networks (e.g. BERT, GPT-3, CLIP) in use by a surge of machine-learning research institutions and startups.",https://www.infoq.com/news/2021/09/stanford-impact-pretrained-model/?topicPageSponsorship=5d648328-967c-4ae9-9990-206e78c20cb0,2021-09-30
31,"AI, ML & Data Engineering",Dedicated ML Track at QCon Plus Nov: Learn All about the Latest ML Innovations,"Dio Synodinos, president of C4media (creators of InfoQ and QCon), recently spoke with Frank Greco, senior technology consultant, chairman at NYJavaSIG, and QCon Plus November 2021 committee member, to discuss the topics and tracks he’s looking forward to attending this November at QCon Plus online software conference.",https://www.infoq.com/news/2021/09/learn-latest-ml-innovations/?topicPageSponsorship=5d648328-967c-4ae9-9990-206e78c20cb0,2021-09-30
32,"AI, ML & Data Engineering",Georgia Tech Researchers Create Wireless Brain-Machine Interface,"Researchers from Georgia Tech University's Center for Human-Centric Interfaces and Engineering have created soft scalp electronics (SSE), a wearable wireless electro-encephalography (EEG) device for reading human brain signals. By processing the EEG data using a neural network, the system allows users wearing the device to control a video game simply by imagining activity.",https://www.infoq.com/news/2021/09/georgia-tech-brain-interface/?topicPageSponsorship=5d648328-967c-4ae9-9990-206e78c20cb0,2021-09-28
33,"AI, ML & Data Engineering",Pinecone 2.0 Aims to Bring Vector Similarity Search to Production,"Pinecone recently introduced version 2.0 of its vector similarity search solution aiming to make it easier for companies to build recommendation systems, image search, and similar applications. InfoQ has taken the chance to speak with Edo Liberty, founder and CEO of Pinecone.",https://www.infoq.com/news/2021/09/pinecone-2-vector-search/?topicPageSponsorship=5d648328-967c-4ae9-9990-206e78c20cb0,2021-09-24
34,Architecture & Design,"Data Collection, Standardization and Usage at Scale in the Uber Rider App","Uber Engineering recently published how it collects, standardises and uses data from the Uber Rider app. Rider data comprises all the rider's interactions with the Uber app. This data accounts for billions of events from Uber's online systems every day. Uber uses this data to deal with top problem areas such as increasing funnel conversion, user engagement, etc.",https://www.infoq.com/news/2021/09/uber-data-collection/?topicPageSponsorship=5d648328-967c-4ae9-9990-206e78c20cb0,2021-09-22
35,"AI, ML & Data Engineering",Facebook Open-Sources Computer Vision Model Multiscale Vision Transformers,"Facebook AI Research (FAIR) recently open-sourced Multiscale Vision Transformers (MViT), a deep-learning model for computer vision based on the Transformer architecture. MViT contains several internal resolution-reduction stages and outperforms other Transformer vision models while requiring less compute power, achieving new state-of-the-art accuracy on several benchmarks.",https://www.infoq.com/news/2021/09/facebook-multiscale-vision/?topicPageSponsorship=5d648328-967c-4ae9-9990-206e78c20cb0,2021-09-21
36,"AI, ML & Data Engineering",Tesla Introduces D1 Dojo Chip to Train AI Models,"Tesla introduced the Tesla D1, a new chip designed specifically for artificial intelligence that is capable of delivering a power of 362 TFLOPs in BF16 / CFP8.",https://www.infoq.com/news/2021/09/tesla-dojo-ai-models/?topicPageSponsorship=5d648328-967c-4ae9-9990-206e78c20cb0,2021-09-16
37,"AI, ML & Data Engineering",Amazon Announces Alexa Prize SocialBot Grand Challenge 4 Winners,"Amazon recently announced the winners of the 4th Alexa Prize SocialBot Grand Challenge, a competition for university students to develop conversational AI. A team from Czech Technical University (CTU) won first prize, while teams from Stanford University and University of Buffalo took second and third.",https://www.infoq.com/news/2021/09/alexa-prize-winners/?topicPageSponsorship=5d648328-967c-4ae9-9990-206e78c20cb0,2021-09-14
38,Web Development,Erlang-Inspired Language Gleam Now Compiles to JavaScript,"Gleam, which self-describes as a language for building type-safe, scalable systems for the Erlang virtual machine, now also compiles to JavaScript.",https://www.infoq.com/news/2021/09/gleam-erlang-compile-javascript/?topicPageSponsorship=5d648328-967c-4ae9-9990-206e78c20cb0,2021-09-12
39,Culture & Methods,How Quantifying Information Leakage Helps to Protect Systems,"Information leakage happens when observable information can be correlated with a secret. Secrets such as passwords, medical diagnosis, locations, or financial data uphold a lot of our world, and there are many types of information, like error messages or electrical consumption patterns, that can give hints to these secrets.",https://www.infoq.com/news/2021/09/quantifying-information-leakage/?topicPageSponsorship=5d648328-967c-4ae9-9990-206e78c20cb0,2021-09-09
40,"AI, ML & Data Engineering","PyTorch 1.9 Release Includes Mobile, Scientific Computing, and Distributed Training Updates","PyTorch, Facebook's open-source deep-learning framework, announced the release of version 1.9 which includes improvements for scientific computing, mobile support, and distributed training. Overall, the new release contains more than 3,400 commits since the 1.8 release.",https://www.infoq.com/news/2021/09/pytorch-scientific-mobile/?topicPageSponsorship=5d648328-967c-4ae9-9990-206e78c20cb0,2021-09-07
41,Emerging Technologies,Stack Overflow’s 2021 Developer Survey Uncovers New Trends in Tech and Work,"Stackoverflow’s 2021 developer survey focuses mostly on work outside the traditional office. With younger respondents, this year's survey shows shifts in the way they learn and work, and with more interest in health. On the technology side, it has been a year of consolidation: React, Rust, and Clojure being more used and present, while Redis keeps attracting attention.",https://www.infoq.com/news/2021/09/so-developer-survey-2021/?topicPageSponsorship=5d648328-967c-4ae9-9990-206e78c20cb0,2021-09-01
42,Architecture & Design,Three Tracks Not to Miss at QCon Plus - Interview with Karen Casella,"During a recent interview, Karen Casella, director of engineering at Netflix and QCon Plus November 2021 Program Committee member, shared with us the three topical tracks she felt software leaders should be paying attention to.",https://www.infoq.com/news/2021/08/qcon-plus-karen-casella/?topicPageSponsorship=5d648328-967c-4ae9-9990-206e78c20cb0,2021-08-31
43,"AI, ML & Data Engineering",OpenAI Announces 12 Billion Parameter Code-Generation AI Codex,"OpenAI recently announced Codex, an AI model that generates program code from natural language descriptions. Codex is based on the GPT-3 language model and can solve over 70% of the problems in OpenAI's publicly available HumanEval test dataset, compared to 0% for GPT-3.",https://www.infoq.com/news/2021/08/openai-codex/?topicPageSponsorship=5d648328-967c-4ae9-9990-206e78c20cb0,2021-08-31
44,Cloud,Microsoft Warns Customers about a Critical Vulnerability in Azure Cosmos DB,"Azure Cosmos DB is a globally-distributed and fully-managed NoSQL database service. Recently, Microsoft warned thousands of its Cosmos DB customers of a vulnerability that exposes their data. A flaw in the service could grant a malicious actor access keys to steal, edit or delete sensitive data.",https://www.infoq.com/news/2021/08/azure-cosmosdb-vulnerabilty/?topicPageSponsorship=5d648328-967c-4ae9-9990-206e78c20cb0,2021-08-31
45,Culture & Methods,MLOps: Continuous Delivery of Machine Learning Systems,"Developing, deploying, and keeping machine learning models productive is a complex and iterative process with many challenges. MLOps means combining the development of ML models and especially ML systems with the operation of those systems. To make MLOps work, we need to balance iterative and exploratory components from data science with more linear software engineering components.",https://www.infoq.com/news/2021/08/continuous-delivery-ML-systems/?topicPageSponsorship=8e4bb459-3843-4916-b7a8-0fbd274b1496,2021-08-26
46,Architecture & Design,Uncover What's Next for Software Engineering at QCon Plus Online Software Conference (Nov 1-12),QCon Plus gives you  access to a curated learning experience that covers the topics that matter right now in software development and technical leadership. Learn from the laser-focus sharing experiences of 64+ software practitioners from early adopter companies to help you adopt the right patterns and practices.,https://www.infoq.com/news/2021/08/next-qcon-plus/?topicPageSponsorship=8e4bb459-3843-4916-b7a8-0fbd274b1496,2021-08-26
47,"AI, ML & Data Engineering",DeepMind Open Sources Data Agnostic Deep Learning Model Perceiver IO,"DeepMind has open-sourced Perceiver IO, a general-purpose deep-learning model architecture that can handle many different types of inputs and outputs. Perceiver IO can serve as a ""drop-in"" replacement for Transformers that performs as well or better than baseline models, but without domain-specific assumptions.",https://www.infoq.com/news/2021/08/deepmind-perceiver-io/?topicPageSponsorship=8e4bb459-3843-4916-b7a8-0fbd274b1496,2021-08-24
48,"AI, ML & Data Engineering","OpenAI Releases Triton, Python-Based Programming Language for AI Workload Optimization","OpenAI released their newest language, Triton, an open-source programming language that enables researchers to write highly efficient GPU code for AI workloads. Triton is Python-compatible and allows new users to achieve expert-quality results in only 25 lines of code. The code is written in Python using Triton’s libraries, which are then JIT-compiled to run on the GPU.",https://www.infoq.com/news/2021/08/openAI-triton/?topicPageSponsorship=8e4bb459-3843-4916-b7a8-0fbd274b1496,2021-08-24
49,Cloud,Cloudera Announces the General Availability of Cloudera DataFlow for the Public Cloud,"The enterprise data cloud company Cloudera recently announced the general availability (GA) of Cloudera DataFlow for the Public Cloud, a cloud-native service for data flows to process hybrid streaming workloads on the Cloudera Data Platform (CDP).",https://www.infoq.com/news/2021/08/cloudera-dataflow-public-cloud/?topicPageSponsorship=8e4bb459-3843-4916-b7a8-0fbd274b1496,2021-08-21
50,"AI, ML & Data Engineering",Oracle Introduces MySQL Autopilot with Machine-Learning Capabilities for MySQL Heatwave,"Oracle released updates to its MySQL HeatWave service earlier this month. The new MySQL Autopilot feature uses machine learning to automate database provisioning and optimisation tasks, making recommendations and query optimisations based on each database’s usage patterns.",https://www.infoq.com/news/2021/08/oracle-mysql-autopilot/?topicPageSponsorship=8e4bb459-3843-4916-b7a8-0fbd274b1496,2021-08-19
51,"AI, ML & Data Engineering",MIT Demonstrates Energy-Efficient Optical Accelerator for Deep-Learning Inference,"Researchers at MIT's Quantum Photonics Laboratory have developed the Digital Optical Neural Network (DONN), a prototype deep-learning inference accelerator that uses light to transmit activation and weight data. At the cost of a few percentage points of accuracy, the system can achieve an transmission energy advantage of up to 1000x over traditional electronic devices.",https://www.infoq.com/news/2021/08/mit-optical-deep-learning/?topicPageSponsorship=8e4bb459-3843-4916-b7a8-0fbd274b1496,2021-08-17
52,Cloud,Microsoft Renames Its Azure for FHIR API to Azure Healthcare APIs,"Recently Microsoft announced the renaming of its Cloud for Healthcare's Azure API for Fast Healthcare Interoperability Resource (FHIR) to ""Azure Healthcare APIs."" In addition to the renaming of the APIs, the company also expands support for healthcare data to include patient health data via FHIR, medical imaging data via DICOM - and medical device data via the Azure IoT Connector for FHIR .",https://www.infoq.com/news/2021/08/azure-healthcare-apis-preview/?topicPageSponsorship=8e4bb459-3843-4916-b7a8-0fbd274b1496,2021-08-16
53,Cloud,AWS Announces Amazon Transcribe Call Analytics API for Conversation Insights,"Recently, AWS announced Amazon Transcribe Call Analytics, a new feature of Amazon Transcribe. AWS customers can extract valuable insights from customer conversations like customer and agent sentiment, and conversation characteristics such as non-talk time, interruptions, loudness, and talk speed with this new feature.",https://www.infoq.com/news/2021/08/amazon-transcribe-call-analytics/?topicPageSponsorship=8e4bb459-3843-4916-b7a8-0fbd274b1496,2021-08-13
54,"AI, ML & Data Engineering",Facebook Open-Sources BlenderBot 2.0 Chatbot,"Facebook AI Research (FAIR) open-sourced BlenderBot 2.0, an AI chatbot that has long-term memory and can use internet searches for supplemental conversational context. The new model outperforms version 1.0, the previous state-of-the-art chatbot, achieving 55% improvement in use of previous conversations, according to human evaluators.",https://www.infoq.com/news/2021/08/facebook-blenderbot-2/?topicPageSponsorship=8e4bb459-3843-4916-b7a8-0fbd274b1496,2021-08-10
55,"AI, ML & Data Engineering",Machine Learning Technologies at Tokyo 2020 Olympics,"National Olympic teams are using machine learning to gain an edge in competition over their opponents at the Tokyo Olympic Games 2020. Machine learning technologies are being used at the international sports event from athlete data tracking, coaches’ real-time feedback that can tell athletes when to train and when to stop, to predicting sports injuries with algorithms.",https://www.infoq.com/news/2021/08/ml-tokyo-2020-olympics/?topicPageSponsorship=8e4bb459-3843-4916-b7a8-0fbd274b1496,2021-08-05
56,"AI, ML & Data Engineering",Baidu's ERNIE 3.0 AI Model Exceeds Human Performance on Language Understanding Benchmark,"A research team from Baidu published a paper on the 3.0 version of Enhanced Language RepresentatioN with Informative Entities (ERNIE), a natural language processing (NLP) deep-learning model. The model contains 10B parameters and achieved a new state-of-the-art score on the SuperGLUE benchmark, outperforming the human baseline score.",https://www.infoq.com/news/2021/08/baidu-ernie-superhuman-ai/?topicPageSponsorship=8e4bb459-3843-4916-b7a8-0fbd274b1496,2021-08-03
57,Cloud,AWS Announces the General Availability of Amazon EBS io2 Block Express Volumes,"Amazon Elastic Block Store (EBS) volumes are a key Elastic Compute (EC2) component with several HDD and SSD volumes, each designed for a particular use case. And recently, AWS announced the general availability of its cloud-based storage area network (SAN) offering, Amazon EBS io2 Block Express volumes – providing 4x higher throughput, IOPS, and capacity than io2 volumes.",https://www.infoq.com/news/2021/07/amazon-ebs-io2-block-ga/?topicPageSponsorship=8e4bb459-3843-4916-b7a8-0fbd274b1496,2021-07-31
58,Cloud,AWS Announces Customizable Image Support for Amazon EMR on EKS,"Recently, AWS announced customizable image support for Amazon EMR on Amazon Elastic Kubernetes Service (Amazon EKS) that allows customers to modify the Docker runtime image that runs their analytics application using Apache Spark on their EKS cluster.",https://www.infoq.com/news/2021/07/emr-eks-custom-image/?topicPageSponsorship=8e4bb459-3843-4916-b7a8-0fbd274b1496,2021-07-28
59,"AI, ML & Data Engineering",BasisAI Open Source Boxkite Machine Learning Monitoring Tool,"Boxkite is an open source instrumentation library designed to track concept drift in highly available model servers. It integrates with DevOps tools such as Grafana, Prometheus, fluentd and kubeflow, scaling horizontally to multiple replicas without needing changes to code or infrastructure. The project claims to be fast, correct and simple.",https://www.infoq.com/news/2021/07/Boxkite-ML-Monitoring/?topicPageSponsorship=8e4bb459-3843-4916-b7a8-0fbd274b1496,2021-07-27
60,"AI, ML & Data Engineering",Joanneum Research Releases Robot AI Platform Robo-Gym Version 1.0.0,"Joanneum Research's Institute for Robotics and Mechatronics has released version 1.0.0 of robo-gym, an open-source framework for developing reinforcement learning (RL) AI for robot control. The release includes a new obstacle avoidance environment, support for all Universal Robots cobot models, and improved code quality.",https://www.infoq.com/news/2021/07/robo-gym-v1/?topicPageSponsorship=5d648328-967c-4ae9-9990-206e78c20cb0,2021-07-27
61,"AI, ML & Data Engineering",Ferrari Chooses AWS Machine Learning for Racing and Road Operations,"Ferrari will use AWS machine learning, analytics, and compute capabilities across the organization, including the Formula One team Scuderia Ferrari.",https://www.infoq.com/news/2021/07/ferrari-AWS-machine-learning/?topicPageSponsorship=5d648328-967c-4ae9-9990-206e78c20cb0,2021-07-22
62,Culture & Methods,Artificial Intelligence for IT Operations: an Overview,"Artificial intelligence for IT operations (AIOps) combines sophisticated methods from deep learning, data streaming processing, and domain knowledge to analyse infrastructure data from internal and external sources to automate operations and detect anomalies (unusual system behavior) before they impact the quality of service.",https://www.infoq.com/news/2021/07/AI-IT-operations/?topicPageSponsorship=5d648328-967c-4ae9-9990-206e78c20cb0,2021-07-22
63,Cloud,AWS Announces the General Availability of Amazon HealthLake,"Recently AWS announced the general availability of Amazon HealthLake, a fully-managed, HIPAA-eligible service. With the service, healthcare providers, health insurance-, and pharmaceutical companies can securely store, transform, query, and analyze health data.",https://www.infoq.com/news/2021/07/aws-amazon-healthlake-ga/?topicPageSponsorship=5d648328-967c-4ae9-9990-206e78c20cb0,2021-07-21
64,"AI, ML & Data Engineering",Google Announces 800M Parameter Vision-Language AI Model ALIGN,"Google Research announced the development of A Large-scale ImaGe and Noisy-Text Embedding (ALIGN), an 800M-parameter pre-trained deep-learning model trained on a noisy dataset of 1.8B image-text pairs. The model can be used on several downstream tasks and achieves state-of-the-art accuracy on several image-text retrieval benchmarks.",https://www.infoq.com/news/2021/07/google-vision-language-ai/?topicPageSponsorship=5d648328-967c-4ae9-9990-206e78c20cb0,2021-07-20
65,Development,QCon Plus November 2021 is Now Hybrid. Attend Online and In-Person (NY & SF),"The QCon Plus software development conference will be back November 1-5, 2021 - online and in-person. Get the chance to engage and network with professionals driving change and innovation inside the world’s most innovative software organizations.",https://www.infoq.com/news/2021/07/qcon-plus-november-2021-hybrid/?topicPageSponsorship=5d648328-967c-4ae9-9990-206e78c20cb0,2021-07-17
66,"AI, ML & Data Engineering",EleutherAI Open-Sources Six Billion Parameter GPT-3 Clone GPT-J,"A team of researchers from EleutherAI have open-sourced GPT-J, a six-billion parameter natural language processing (NLP) AI model based on GPT-3. The model was trained on an 800GB open-source text dataset and has performance comparable to a GPT-3 model of similar size.",https://www.infoq.com/news/2021/07/eleutherai-gpt-j/?topicPageSponsorship=5d648328-967c-4ae9-9990-206e78c20cb0,2021-07-13
67,Mobile,"Google Integrates TensorFlow Lite with Android, Adds Automatic Acceleration","Google has announced a new mobile ML stack, dubbed Android ML Platform and built around TensorFlow Lite, which aims to solve a number of problems that developers find when using on-device machine learning.",https://www.infoq.com/news/2021/07/android-on-device-ml/?topicPageSponsorship=5d648328-967c-4ae9-9990-206e78c20cb0,2021-07-12
68,Cloud,Amazon CodeGuru Reviewer Announces CI/CD Integration with GitHub Actions,Amazon recently announced the CI/CD integration of Amazon CodeGuru Reviewer with GitHub Actions. The cloud provider also released 20 new security detectors for Java to identify issues and follow best security practices.,https://www.infoq.com/news/2021/07/codeguru-github-actions/?topicPageSponsorship=5d648328-967c-4ae9-9990-206e78c20cb0,2021-07-11
69,Development,"GitHub Previews Copilot, an OpenAI-Powered Coding Assistant","GitHub recently announced Copilot, an AI-powered pair programmer designed to help developers write code faster and with less effort. The service learns from comments and existing code, suggesting new lines and the implementation of whole functions.",https://www.infoq.com/news/2021/07/github-copilot-pair-programmming/?topicPageSponsorship=5d648328-967c-4ae9-9990-206e78c20cb0,2021-07-07
70,Web Development,Performance-Focused Reactive UI Framework Solid.JS Releases First Major Version,"Solid.js, a reactive JavaScript UI library, released its first major iteration. Solid replicates many capabilities (e.g., server-side rendering, concurrent rendering) and APIs (e.g., stores, context, directives) present in other frameworks. Developers map the appearance and behavior of user interfaces to a set of reactive dependencies. Solid compiles the statements to imperative DOM operations.",https://www.infoq.com/news/2021/07/solid-js-released-first/?topicPageSponsorship=5d648328-967c-4ae9-9990-206e78c20cb0,2021-07-06
71,"AI, ML & Data Engineering",Google Open-Sources Token-Free Language Model ByT5,"Google Research has open-sourced ByT5, a natural language processing (NLP) AI model that operates on raw bytes instead of abstract tokens. Compared to baseline models, ByT5 is more accurate on several benchmark tasks and is more robust to misspellings and noise.",https://www.infoq.com/news/2021/07/google-byt5-nlp/?topicPageSponsorship=5d648328-967c-4ae9-9990-206e78c20cb0,2021-07-06
72,Cloud,AWS Introduces AWS Bugbust - a Global Competition to Fix One Million Bugs,"Recently, AWS announced a global challenge to fix one million bugs and reduce technical debt by over $100 million with AWS BugBust. The solution utilizes ML-powered developer tools - Amazon CodeGuru Reviewer and Amazon CodeGuru Profiler - to automatically scan code to weed out bugs, and gamifies fixing and eliminating them.",https://www.infoq.com/news/2021/07/introducing-aws-bugbust-game/?topicPageSponsorship=5d648328-967c-4ae9-9990-206e78c20cb0,2021-07-02
73,"AI, ML & Data Engineering","LinkedIn Open Sources Greykite, a Python-based Forecasting Library","LinkedIn open sourced Greykite, a Python library that promises to provide accurate future forecasts in an interpretable, allowing visualizations of the trend, seasonality, and other effects. Built to be flexible, intuitive and fast, it performed 4 times better than FB’s prophet, providing more accurate results for 1-day and 7-day forecasts.",https://www.infoq.com/news/2021/06/greykite-open-sourced/?topicPageSponsorship=5d648328-967c-4ae9-9990-206e78c20cb0,2021-06-30
74,"AI, ML & Data Engineering",InterCon 2021 Panel Discussion: Is AI Really Beneficial for End Users?,"The recent InterCon in Las Vegas featured a panel discussion titled ""Is AI Really Beneficial For End Users?"" Some key takeaways were that AI brings benefits by increasing productivity and assisting with problem solving, and that there is a need for governance and ethics in AI and a concern over bias in training datasets.",https://www.infoq.com/news/2021/06/intercon-ai-panel/?topicPageSponsorship=5d648328-967c-4ae9-9990-206e78c20cb0,2021-06-29
75,Cloud,Microsoft Announces the General Availability of Azure ND A100 V4 Cloud GPU Instances,Recently Microsoft announced the general availability of the Azure ND A100 v4 Cloud GPU instances—powered by NVIDIA A100 Tensor Core GPUs. These Virtual Machines (VMs) are targeted at customers with high performance and demanding workloads like Artificial Intelligence (AI) and Machine Learning (ML) workloads.,https://www.infoq.com/news/2021/06/azure-a100-gpu-nvidia-ga/?topicPageSponsorship=5d648328-967c-4ae9-9990-206e78c20cb0,2021-06-29
76,"AI, ML & Data Engineering",InterCon 2021 Keynote: AI Applications in Business,"At the recent InterCon in Las Vegas, the opening keynote session featured two talks focused on AI applications in business. The key takeaways were: identifying the business objective is key, access to good data is a major challenge, and AI has great potential for providing value to end customers.",https://www.infoq.com/news/2021/06/intercon-keynote-ai/?topicPageSponsorship=5d648328-967c-4ae9-9990-206e78c20cb0,2021-06-27
77,Cloud,Google Introduces New Cloud TPU VMs for Artificial Intelligence Workloads,"Recently, Google announced new Cloud TPU Virtual Machines (VMs), which provide direct access to TPU host machines. With these VMs, the company offers a new and improved user experience to develop and deploy TensorFlow, PyTorch, and JAX on Cloud TPUs.",https://www.infoq.com/news/2021/06/cloud-tpu-vms-preview/?topicPageSponsorship=5d648328-967c-4ae9-9990-206e78c20cb0,2021-06-23
78,"AI, ML & Data Engineering",Google Trains Two Billion Parameter AI Vision Model,"Researchers at Google Brain announced a deep-learning computer vision (CV) model containing two billion parameters. The model was trained on three billion images and achieved 90.45% top-1 accuracy on ImageNet, setting a new state-of-the-art record.",https://www.infoq.com/news/2021/06/google-vision-transformer/?topicPageSponsorship=5d648328-967c-4ae9-9990-206e78c20cb0,2021-06-22
79,"AI, ML & Data Engineering",Facebook Open-Sources Expire-Span Method for Scaling Transformer AI,"Facebook AI Research (FAIR) open-sourced Expire-Span, a deep-learning technique that learns which items in an input sequence should be remembered, reducing the memory and computation requirements for AI. FAIR showed that Transformer models that incorporate Expire-Span can scale to sequences of tens of thousands of items with improved performance compared to previous models.",https://www.infoq.com/news/2021/06/facebook-expire-span-ai/?topicPageSponsorship=5d648328-967c-4ae9-9990-206e78c20cb0,2021-06-15
80,"AI, ML & Data Engineering","AI Conference Recap: Google, Microsoft, Facebook, and Others at ICLR 2021","At the recent International Conference on Learning Representations (ICLR), research teams from several tech companies, including  Google, Microsoft, IBM, Facebook, and Amazon, presented nearly 250 papers out of a total of 860 on a wide variety of AI topics related to deep learning.",https://www.infoq.com/news/2021/06/conference-recap-iclr-2021/?topicPageSponsorship=5d648328-967c-4ae9-9990-206e78c20cb0,2021-06-08
81,.NET,".NET News Roundup: Visual Studio 2019 for Mac, Windows ML, Project Tye, Oqtane","This past week was marked by the release of Visual Studio 2019 for Mac 8.10, Windows ML NuGet package 1.8.0, a Visual Studio Code extension for Tye, Oqtane 2.1, and more. InfoQ examined these and a number of smaller stories in the .NET ecosystem from the week of May 31st, 2021.",https://www.infoq.com/news/2021/06/dotnet-news-roundup-vs-2019-tye/?topicPageSponsorship=5d648328-967c-4ae9-9990-206e78c20cb0,2021-06-07
82,Cloud,Google Cloud Announces Managed Machine Learning Platform Vertex AI,"At the recent Google I/O 2021 conference, the cloud provider announced the general availability of Vertex AI, a managed machine learning platform designed to accelerate the deployment and maintenance of artificial intelligence models.",https://www.infoq.com/news/2021/06/google-vortex-ai/?topicPageSponsorship=5d648328-967c-4ae9-9990-206e78c20cb0,2021-06-06
83,"AI, ML & Data Engineering",CMU Develops Algorithm for Guaranteeing AI Model Generalization,"Researchers at Carnegie Mellon University's (CMU) Approximately Correct Machine Intelligence (ACMI) Lab have published a paper on Randomly Assign, Train and Track (RATT), an algorithm that uses noisy training data to provide an upper bound on the true error risk of a deep-learning model. Using RATT, model developers can determine how well a model will generalize to new input data.",https://www.infoq.com/news/2021/06/cmu-ai-generalization/?topicPageSponsorship=5d648328-967c-4ae9-9990-206e78c20cb0,2021-06-01
84,Development,Pyodide Brings Python and Its Scientific Stack to the Browser with WebAssembly,"Mozilla announced that Pyodide, which aims at providing a full Python data science stack running entirely in the browser, has become an independent community-driven project. Pyodide uses the CPython 3.8 interpreter compiled to WebAssembly, and thus allows using Python, NumPy, Pandas, Matplotlib, SciPy, and more in Iodide, an experimental interactive scientific computing environment for the web.",https://www.infoq.com/news/2021/05/pyodide-python-webassembly/?topicPageSponsorship=5d648328-967c-4ae9-9990-206e78c20cb0,2021-05-31
85,"AI, ML & Data Engineering",Microsoft's ZeRO-Infinity Library Trains 32 Trillion Parameter AI Model,"Microsoft recently open-sourced ZeRO Infinity, an addition to their open-source DeepSpeed AI training library that optimizes memory use for training very large deep-learning models. Using ZeRO-Infinity, Microsoft trained a model with 32 trillion parameters on a cluster of 32 GPUs, and demonstrated fine-tuning of a 1 trillion parameter model on a single GPU.",https://www.infoq.com/news/2021/05/microsoft-zero-infinity/?topicPageSponsorship=5d648328-967c-4ae9-9990-206e78c20cb0,2021-05-25
86,"AI, ML & Data Engineering",NVIDIA Announces AI Training Dataset Generator DatasetGAN,"Researchers at NVIDIA have created DatasetGAN, a system for generating synthetic images with annotations to create datasets for training AI vision models. DatasetGAN can be trained with as few as 16 human-annotated images and performs as well as fully-supervised systems requiring 100x more annotated images.",https://www.infoq.com/news/2021/05/nvidia-dataset-generator/?topicPageSponsorship=5d648328-967c-4ae9-9990-206e78c20cb0,2021-05-18
87,Cloud,IBM Introduces Watson Orchestrate for Task Automation,"At the recent Think conference, IBM introduces an AI-powered automation tool called Watson Orchestrate. It is currently in preview in IBM Cloud Paks for Automation and expected to be generally available later in 2021 as an SaaS offering.",https://www.infoq.com/news/2021/05/ibm-ai-watson-orchestrate/?topicPageSponsorship=5d648328-967c-4ae9-9990-206e78c20cb0,2021-05-18
88,Cloud,Amazon Open Sources DeepRacer Device Software,"Amazon has recently open-sourced the DeepRacer device software, the software used to run AWS DeepRacer. The 1/18th scale autonomous vehicle and the DeepRacer events allow developers to create machine learning models and race them in a cloud based 3D racing simulator.",https://www.infoq.com/news/2021/05/amazon-deepracer-open-source/?topicPageSponsorship=5d648328-967c-4ae9-9990-206e78c20cb0,2021-05-16
89,Development,Take Your Technical and Non-Technical Skills to the Next Level: Join Us at QCon Plus,"The best way to learn in the software industry is from your peers. Join 2,200 fellow senior software engineers, architects and team leads at QCon Plus starting next week.",https://www.infoq.com/news/2021/05/qcon-plus-may-2021/?topicPageSponsorship=5d648328-967c-4ae9-9990-206e78c20cb0,2021-05-13
90,Cloud,AWS Announces a Data Management and Analytics Solution Called Amazon FinSpace,"Recently, AWS announced a data management and analytics solution purpose-built for the Financial Services Industry (FSI) called Amazon FinSpace. The service aims to reduce the time it takes for financial analysts to find and access all types of financial data for analysis.",https://www.infoq.com/news/2021/05/aws-new-amazon-finspace/?topicPageSponsorship=5d648328-967c-4ae9-9990-206e78c20cb0,2021-05-13
91,"AI, ML & Data Engineering",Researchers Publish Biologically Plausible AI Training Method,"A team of researchers at Oxford University developed an algorithm called zero-divergence inference learning (Z-IL), an alternative to the backpropagation (BP) algorithm for training neural network AI models. Z-IL has been shown to exactly reproduce the results of BP on any neural network, but unlike BP does not violate known principles of brain function.",https://www.infoq.com/news/2021/05/biological-ai-training/?topicPageSponsorship=5d648328-967c-4ae9-9990-206e78c20cb0,2021-05-11
92,Development,Find Solutions to Your Software Challenges at QCon Plus,"Last November at QCon Plus, over 1,450 of your peers joined us at the virtual event in order to keep on top of software trends and find solutions to validate their technical roadmaps. Now is the time to book your attendance at the next event! With less than five weeks before QCon Plus May 2021, over 1,800 senior software engineers, architects, and team leads have already booked their spot.",https://www.infoq.com/news/2021/05/solutions-qcon-plus-may-2021/?topicPageSponsorship=5d648328-967c-4ae9-9990-206e78c20cb0,2021-05-06
93,"AI, ML & Data Engineering",Facebook Announces ZionEX Platform for Training AI Models with 12 Trillion Parameters,"A team of scientists at Facebook AI Research (FAIR) announced a system for training deep-learning recommendation models (DLRM) using PyTorch on a custom-built AI hardware platform, ZionEX. Using this system, the team trained models with up to 12T parameters and achieved nearly an order-of-magnitude speedup in training time compared to other systems.",https://www.infoq.com/news/2021/05/facebook-zionex-training/?topicPageSponsorship=5d648328-967c-4ae9-9990-206e78c20cb0,2021-05-04
94,Cloud,AWS Introduces Savings Plans and Instant Price Reductions for Amazon Sagemaker,"Recently, AWS announced instant price reductions and Savings Plans for Amazon SageMaker, their fully-managed Machine Learning (ML) service. With Savings Plans for Amazon SageMaker, customers can benefit from cost savings up to 64% compared to the on-demand price. The company also drops the price of several instance families in Amazon SageMaker by up to 14.2%.",https://www.infoq.com/news/2021/04/amazon-sagemaker-savings-plans/?topicPageSponsorship=5d648328-967c-4ae9-9990-206e78c20cb0,2021-04-29
95,"AI, ML & Data Engineering",Open Source AI Can Predict Electrical Outages from Storms with 81% Accuracy,"A team of scientists from Aalto University and the Finnish Meteorological Institute have developed an open-source AI model for predicting electrical outages caused by storm damage. The model can predict storm location within 15km and classifies the amount of transformer damage with 81% accuracy, allowing power companies to prepare for outages and repair them more quickly.",https://www.infoq.com/news/2021/04/open-source-ai-storms/?topicPageSponsorship=5d648328-967c-4ae9-9990-206e78c20cb0,2021-04-27
96,"AI, ML & Data Engineering",MIT Announces AI Benchmark ThreeDWorld Transport Challenge,"A team of researchers from MIT and the MIT-IBM Watson AI Lab have announced the ThreeDWorld Transport Challenge, a benchmark task for embodied AI agents. The challenge is to improve research on AI agents that can control a simulated mobile robot that is guided by computer vision to pick up objects and move them to new locations.",https://www.infoq.com/news/2021/04/mit-threedworld-challenge/?topicPageSponsorship=5d648328-967c-4ae9-9990-206e78c20cb0,2021-04-20
97,"AI, ML & Data Engineering",Perceiver: One Neural-Network Model for Multiple Input Data Types,"Google’s DeepMind company has recently released a state-of-the-art deep-learning model called Perceiver that receives and processes multiple input data ranging from audio to images, similarly to how the human brain perceives multimodal data. Perceiver is able to receive and classify input multiple data types, namely point cloud, audio and images.",https://www.infoq.com/news/2021/04/perceiver-neural-network-model/?topicPageSponsorship=5d648328-967c-4ae9-9990-206e78c20cb0,2021-04-13
98,"AI, ML & Data Engineering",Microsoft Releases AI Training Library ZeRO-3 Offload,"Microsoft recently open-sourced ZeRO-3 Offload, an extension of their DeepSpeed AI training library that improves memory efficiency while training very large deep-learning models. ZeRO-3 Offload allows users to train models with up to 40 billion parameters on a single GPU and over 2 trillion parameters on 512 GPUs.",https://www.infoq.com/news/2021/04/microsoft-zero3-offload/?topicPageSponsorship=5d648328-967c-4ae9-9990-206e78c20cb0,2021-04-13
99,Java,Microsoft Introduces Microsoft Build of OpenJDK,"Microsoft has introduced a preview release of Microsoft Build of OpenJDK, a new open-source downstream distribution of OpenJDK. Microsoft Build of OpenJDK supports x64 server and desktop environments on macOS, Linux, and Windows. Bruno Borges, principal program manager, Java Engineering Group at Microsoft, spoke to InfoQ about Microsoft Build of OpenJDK.",https://www.infoq.com/news/2021/04/microsoft-build-of-openjdk/?topicPageSponsorship=5d648328-967c-4ae9-9990-206e78c20cb0,2021-04-12
100,Cloud,Google Announces the General Availability of A2 Virtual Machines,"Recently, Google announced A2 Virtual Machines (VMs)' general availability based on the NVIDIA Ampere A100 Tensor Core GPUs in Compute Engine. According to the company, the A2 VMs will allow customers to run their NVIDIA CUDA-enabled machine learning (ML) and high-performance computing (HPC) scale-out and scale-up workloads efficiently at a lower cost.",https://www.infoq.com/news/2021/04/a2-nvidia-gpus-ga/?topicPageSponsorship=5d648328-967c-4ae9-9990-206e78c20cb0,2021-04-07
101,Cloud,Google Bolsters Cloud Spanner with Point-in-Time Recovery,Google recently released a point-in-time-recovery feature for its Cloud Spanner database that aims to help protect against accidental data loss and corruption. The new point-in-time recovery (PITR) features seek to provide users more granular control over data recovery processes.,https://www.infoq.com/news/2021/04/cloud-spanner-pit-recovery/?topicPageSponsorship=5d648328-967c-4ae9-9990-206e78c20cb0,2021-04-06
102,"AI, ML & Data Engineering",Alibaba Announces 10 Billion Parameter Multi-Modal AI M6,"Alibaba has created an AI model called Multi-Modality to Multi-Modality Multitask Mega-transformer (M6). The model contains 10 billion parameters and is pretrained on a dataset consisting of 1.9TB of images and 292GB of Chinese-language text. M6 can be fine-tuned for several downstream tasks, including text-guided image generation, visual question answering, and image-text matching.",https://www.infoq.com/news/2021/04/alibaba-m6-model/?topicPageSponsorship=5d648328-967c-4ae9-9990-206e78c20cb0,2021-04-06
103,"AI, ML & Data Engineering",Google's Apollo AI for Chip Design Improves Deep Learning Performance by 25%,"Scientists at Google Research have announced APOLLO, a framework for optimizing AI accelerator chip designs. APOLLO uses evolutionary algorithms to select chip parameters that minimize deep-learning inference latency while also minimizing chip area. Using APOLLO, researchers found designs that achieved 24.6% speedup over those chosen by a baseline algorithm.",https://www.infoq.com/news/2021/03/google-ai-chip-design/?topicPageSponsorship=5d648328-967c-4ae9-9990-206e78c20cb0,2021-03-30
104,"AI, ML & Data Engineering",Google DeepMind’s NFNets Offers Deep Learning Efficiency,"Google’s DeepMind AI company recently released NFNets, a normalizer-free ResNet image classification model that achieved a training performance of 8.7x faster than current state-of-the-art EfficientNet. In addition, it helps neural networks to generalize better.",https://www.infoq.com/news/2021/03/deepmind-NFNets-deep-learning/?topicPageSponsorship=5d648328-967c-4ae9-9990-206e78c20cb0,2021-03-26
105,"AI, ML & Data Engineering",PyTorch 1.8 Release Includes Distributed Training Updates and AMD ROCm Support,"PyTorch, Facebook's open-source deep-learning framework, announced the release of version 1.8 which includes updated APIs, improvements for distributed training, and support for the ROCm platform for AMD's GPU accelerators. New versions of domain-specific libraries TorchVision, TorchAudio, and TorchText were also released.",https://www.infoq.com/news/2021/03/pytorch-releases-rocm-support/?topicPageSponsorship=8e4bb459-3843-4916-b7a8-0fbd274b1496,2021-03-23
106,.NET,".NET News Roundup - Week of March 15th, 2021","It's been a busy week for the .NET community, with the release of the new Azure SDK, multiple Akka.NET plugins, and the streaming of Include 2021, a digital event host by Microsoft focused on diversity and inclusion. InfoQ examined these and a number of smaller stories in the .NET ecosystem from the week of March 15th, 2021.",https://www.infoq.com/news/2021/03/dotnet-news-roundup-mar15-2021/?topicPageSponsorship=8e4bb459-3843-4916-b7a8-0fbd274b1496,2021-03-21
107,Cloud,Amazon Redshift Data Sharing Now Generally Available,Amazon has recently announced the general availability of the Amazon Redshift Data Sharing functionality to share live data across Amazon Redshift clusters. This allows the use of a single data warehouse cluster for multi-cluster deployments and sharing data instantly without the need to copy or move them.,https://www.infoq.com/news/2021/03/redshift-data-sharing/?topicPageSponsorship=8e4bb459-3843-4916-b7a8-0fbd274b1496,2021-03-20
108,"AI, ML & Data Engineering",Amazon Redshift Cross-Database Queries and Data Sharing Are Now GA,Users of Amazon Redshift can now run cross-database queries and share data across Redshift clusters as AWS released these enhancements to general availability.,https://www.infoq.com/news/2021/03/amazon-redshift-database-queries/?topicPageSponsorship=8e4bb459-3843-4916-b7a8-0fbd274b1496,2021-03-19
109,Culture & Methods,Using Machine Learning in Testing and Maintenance,"With machine learning, we can reduce maintenance efforts and improve the quality of products. It can be used in various stages of the software testing life-cycle, including bug management, which is an important part of the chain. We can analyze large amounts of data for classifying, triaging, and prioritizing bugs in a more efficient way by means of machine learning algorithms.",https://www.infoq.com/news/2021/03/machine-learning-testing/?topicPageSponsorship=8e4bb459-3843-4916-b7a8-0fbd274b1496,2021-03-18
110,"AI, ML & Data Engineering",Stanford Publishes AI Index 2021 Annual Report,"Stanford University’s Institute for Human-Centered Artificial Intelligence (HAI) has published its AI Index annual report. This underlying data for this year's report has been expanded compared to the previous year's, and the report includes several perspectives on the COVID-19 pandemic's impact on AI research and development.",https://www.infoq.com/news/2021/03/stanford-ai-report-2021/?topicPageSponsorship=8e4bb459-3843-4916-b7a8-0fbd274b1496,2021-03-16
111,"AI, ML & Data Engineering",DataStax Announces Astra Serverless Database-as-a-Service,"DataStax , the company behind the Cassandra database, announced last week the general availability of Astra serverless, the open, multi-cloud serverless database-as-a-service (DBaaS).",https://www.infoq.com/news/2021/03/datastax-astra-serverless/?topicPageSponsorship=8e4bb459-3843-4916-b7a8-0fbd274b1496,2021-03-15
112,Cloud,Amazon Lookout for Vision Now Generally Available,"Amazon has recently announced the general availability of Amazon Lookout for Vision, an anomaly detection product that uses machine learning to process images to spot process defects and anomalies in manufactured products.",https://www.infoq.com/news/2021/03/amazon-lookout-vision/?topicPageSponsorship=8e4bb459-3843-4916-b7a8-0fbd274b1496,2021-03-13
113,Cloud,Microsoft Announces a Hologram-Based Mixed-Reality Communication Platform Called Microsoft Mesh,"During the recent virtual Ignite conference, Microsoft announced Microsoft Mesh, an Azure-based cloud platform allowing developers to build immersive, multi-user, cross-platform mixed reality apps. Customers can leverage Mesh to enhance virtual meetings, conduct virtual design sessions, assist remote work better, learn together virtually, and host virtual social gatherings and meet-ups.",https://www.infoq.com/news/2021/03/microsoft-mesh-mixed-reality/?topicPageSponsorship=8e4bb459-3843-4916-b7a8-0fbd274b1496,2021-03-12
114,"AI, ML & Data Engineering",Google Open-Sources AutoML Algorithm Model Search,"A team from Google Research has open-sourced Model Search, an automated machine learning (AutoML) platform for designing deep-learning models. Experimental results show that the system produces models that outperform the best human-designed models, with fewer training iterations and model parameters.",https://www.infoq.com/news/2021/03/google-model-search/?topicPageSponsorship=8e4bb459-3843-4916-b7a8-0fbd274b1496,2021-03-09
115,.NET,".NET News Roundup - Week of Mar 1st, 2021","InfoQ examines a number of smaller stories in the .NET ecosystem from the week of March 1st, 2021.",https://www.infoq.com/news/2021/03/dotnet-news-roundup-mar01-2021/?topicPageSponsorship=8e4bb459-3843-4916-b7a8-0fbd274b1496,2021-03-07
116,Cloud,Azure Arc-Enabled Machine Learning Is Now in Preview,"Azure Arc is Microsoft's offering for allowing customers to bring Azure services and management to any infrastructure, including AWS and Google Cloud. This year, during the virtual Ignite conference, the company announced the preview of Azure Arc-enabled machine learning, which extends Azure machine learning capabilities to hybrid and multi-cloud environments.",https://www.infoq.com/news/2021/03/azure-arc-enabled-ml-preview/?topicPageSponsorship=8e4bb459-3843-4916-b7a8-0fbd274b1496,2021-03-05
117,"AI, ML & Data Engineering",NumPy 1.20 Released with Runtime SIMD Support and Type Annotations,"NumPy 1.20 was recently released with new features focusing on performance and documentation. Developers can now use type annotations for NumPy functions. A wider use of SIMD (Single Instruction, Multiple Data) instructions increases the execution speed of universal functions (ufunc). NumPy’s documentation additionally sees significant improvements.",https://www.infoq.com/news/2021/03/numpy-120-typed-SIMD/?topicPageSponsorship=8e4bb459-3843-4916-b7a8-0fbd274b1496,2021-03-04
118,Architecture & Design,"Software Delivery Practices Evolve Fast, So Should Your Learning: Attend QCon Plus This May 17-28","QCon Plus, the virtual software development conference, will focus this May 17-28 on emerging software trends and innovations, giving attendees the opportunity to connect with software experts from innovator and early adopter companies.",https://www.infoq.com/news/2021/03/qcon-plus-tracks/?topicPageSponsorship=8e4bb459-3843-4916-b7a8-0fbd274b1496,2021-03-03
119,"AI, ML & Data Engineering",TensorFlow 3D: Deep Learning for Autonomous Cars’ 3D Perception,"Google has released TensorFlow 3D, a library that adds 3D deep-learning capabilities to the TensorFlow machine-learning framework. The new library brings tools and resources that allow researchers to develop and deploy 3D scene understanding models.",https://www.infoq.com/news/2021/03/tensorflow-3d-autonomous-cars/?topicPageSponsorship=8e4bb459-3843-4916-b7a8-0fbd274b1496,2021-03-03
120,"AI, ML & Data Engineering",Facebook Open-Sources AI Model to Predict COVID-19 Patient Outcomes,"A team from Facebook AI Research (FAIR) and New York University (NYU) School of Medicine has developed deep-learning models that use chest X-rays to predict COVID-19 patient prognosis. In a comparison study, the models outperformed human radiologists, and could be used to help hospitals predict the demand for supplemental oxygen or intensive care.",https://www.infoq.com/news/2021/03/facebook-covid-prognosis/?topicPageSponsorship=5d648328-967c-4ae9-9990-206e78c20cb0,2021-03-02
121,Architecture & Design,Designing for Failure in the BBC's Analytics Platform,"Last week at InfoQ Live, Blanca Garcia-Gil, principal systems engineer at BBC, gave a session on Evolving Analytics in the Data Platform. During this session, Garcia-Gil focused on how her team prepared and designed for two types of failure - ""known unknowns"" and ""unknown unknowns.""",https://www.infoq.com/news/2021/02/bbc-analytics/?topicPageSponsorship=5d648328-967c-4ae9-9990-206e78c20cb0,2021-02-24
122,"AI, ML & Data Engineering",NLP Library spaCy 3.0 Features Transformer-Based Models and Distributed Training,"AI software makers Explosion announced version 3.0 of spaCy, their open-source natural-language processing (NLP) library. The new release includes state-of-the-art Transformer-based pipelines and pre-trained models for 17 languages.",https://www.infoq.com/news/2021/02/spacy-nlp-release/?topicPageSponsorship=5d648328-967c-4ae9-9990-206e78c20cb0,2021-02-23
123,Cloud,Google Brings Databricks to Its Cloud Platform,Recently Google announced a partnership with Databricks to bring their fully-managed Apache Spark offering and data lake capabilities to Google Cloud. The offering will become available as Databricks on Google Cloud.,https://www.infoq.com/news/2021/02/databricks-google-cloud-partners/?topicPageSponsorship=5d648328-967c-4ae9-9990-206e78c20cb0,2021-02-23
124,Java,"Java News Roundup - Week of Feb 15th, 2021","A roundup of smaller stories in the Java ecosystem from the week of February 15th, 2021.",https://www.infoq.com/news/2021/02/java-news-roundup-feb15-2021/?topicPageSponsorship=5d648328-967c-4ae9-9990-206e78c20cb0,2021-02-22
125,"AI, ML & Data Engineering",Google Open-Sources Trillion-Parameter AI Language Model Switch Transformer,"Researchers at Google Brain have open-sourced the Switch Transformer, a natural-language processing (NLP) AI model. The model scales up to 1.6T parameters and improves training time up to 7x compared to the T5 NLP model, with comparable accuracy.",https://www.infoq.com/news/2021/02/google-trillion-parameter-ai/?topicPageSponsorship=5d648328-967c-4ae9-9990-206e78c20cb0,2021-02-16
126,Cloud,Microsoft Announces Limited Access to Its Neural Text-to-Speech AI,"Recently, Microsoft announced limited access to its neural text-to-speech AI called Custom Neural Voice. The service allows developers to create custom synthetic voices.",https://www.infoq.com/news/2021/02/microsoft-custom-neural-voice-ga/?topicPageSponsorship=5d648328-967c-4ae9-9990-206e78c20cb0,2021-02-14
127,Architecture & Design,QCon Plus (May 17-28) Program Committee and Conference Chair Announced,"This May at QCon Plus over 1500 senior software engineers, architects, and team leads will discuss emerging software trends and practices, develop their technical and non-technical skills and get valuable insights they can take home to their team to implement right away.",https://www.infoq.com/news/2021/02/qcon-plus-program-committee/?topicPageSponsorship=5d648328-967c-4ae9-9990-206e78c20cb0,2021-02-11
128,Architecture & Design,PayPal Standardizes on Apache Airflow and Apache Gobblin for Its Next-Gen Data Movement Platform,"PayPal recently described how it standardized on Apache Airflow and Apache Gobblin for implementing its next-gen data movement platform. In a recent blog post, PayPal engineers detail how the existing data movement platform evolved into many tools & platforms in a complex and unmanageable ecosystem and their shift towards a new implementation.",https://www.infoq.com/news/2021/02/paypal-next-gen-data-movement/?topicPageSponsorship=5d648328-967c-4ae9-9990-206e78c20cb0,2021-02-10
129,Architecture & Design,Pinterest Describes an Architecture for Efficient Retrieval of Hierarchical Documents,"In a recent blog post, Pinterest engineers describe how they implemented an efficient two-stage retrieval architecture to retrieve hierarchical documents in a home-grown search engine. They accomplished it by combining index flattening, index normalization, and index denormalization.",https://www.infoq.com/news/2021/02/pinterest-efficient-retrieval/?topicPageSponsorship=5d648328-967c-4ae9-9990-206e78c20cb0,2021-02-08
130,Cloud,AWS Announces Amazon Aurora Supports PostgreSQL 12,"AWS has recently announced that Amazon Aurora, a MySQL and PostgreSQL-compatible relational Database built for the Cloud, now supports major version 12 of PostgreSQL.",https://www.infoq.com/news/2021/02/amazon-aurora-postgresql-12/?topicPageSponsorship=5d648328-967c-4ae9-9990-206e78c20cb0,2021-02-07
131,"AI, ML & Data Engineering",Kaggle Publishes 2020 State of Machine Learning and Data Science Report,"Kaggle has published a report on the State of Machine Learning and Data Science for 2020. The report is based on survey responses from over two thousand users currently employed as data scientists. The report notes that the ""vast majority"" of data scientists are under 35 years of age, two-thirds have a graduate degree, and most have less than 10 years coding experience.",https://www.infoq.com/news/2021/02/kaggle-report-2020/?topicPageSponsorship=5d648328-967c-4ae9-9990-206e78c20cb0,2021-02-06
132,"AI, ML & Data Engineering",OpenAI Announces GPT-3 Model for Image Generation,"OpenAI has trained a 12B-parameter AI model based on GPT-3 that can generate images from textual description. The description can specify many independent attributes, including the position of objects as well as image perspective, and can also synthesize combinations of objects that do not exist in the real world.",https://www.infoq.com/news/2021/02/openai-gpt-image/?topicPageSponsorship=5d648328-967c-4ae9-9990-206e78c20cb0,2021-02-02
133,Cloud,AWS Announces Enhanced Console Experience and New v2 APIs for Amazon Lex,"AWS recently announced updates to Amazon Lex, a service for building conversational interfaces into any application using voice and text. The service now has an enhanced management console and new V2 APIs, including continuous streaming capability.",https://www.infoq.com/news/2021/02/aws-amazon-lex-bots/?topicPageSponsorship=5d648328-967c-4ae9-9990-206e78c20cb0,2021-02-01
134,"AI, ML & Data Engineering",Using Language and Developer Friendly Data Structures with Couchbase,Couchbase APIs have evolved to provide programming language friendly data structures making it easier for programmers to incorporate into the respective programs. Some examples highlight how to use data structures with the Couchbase Python SDK.,https://www.infoq.com/news/2021/01/data-structures-couchbase/?topicPageSponsorship=5d648328-967c-4ae9-9990-206e78c20cb0,2021-01-29
135,Cloud,Confluent Announces Strategic Alliance with Microsoft,"Confluent, the company of the founders of Apache Kafka, recently announced a new strategic alliance between them and Microsoft to enable a more integrated experience between Confluent Cloud and the Azure platform.",https://www.infoq.com/news/2021/01/confluent-microsoft-alliance/?topicPageSponsorship=5d648328-967c-4ae9-9990-206e78c20cb0,2021-01-29
136,"AI, ML & Data Engineering",Facebook Open-Sources Multilingual Speech Recognition Deep-Learning Model,"Facebook AI Research (FAIR) open-sourced Cross-Lingual Speech Recognition (XSLR), a multilingual speech recognition AI model. XSLR is trained on 53 languages and outperforms existing systems when evaluated on common benchmarks.",https://www.infoq.com/news/2021/01/facebook-multilingual-ai/?topicPageSponsorship=5d648328-967c-4ae9-9990-206e78c20cb0,2021-01-26
137,"AI, ML & Data Engineering",Microsoft Research Develops a New Vision-Language System: VinVL,"Microsoft Research recently developed a new object-attribute detection model for image encoding, which they named VinVL - Visual features in Vision-Language.",https://www.infoq.com/news/2021/01/microsoft-vision-language-vinvl/?topicPageSponsorship=5d648328-967c-4ae9-9990-206e78c20cb0,2021-01-25
138,"AI, ML & Data Engineering",AWS Introduces HealthLake and Redshift ML in Preview,"AWS introduced preview releases of Amazon HealthLake service and a feature for Amazon Redshift called Redshift ML during re:Invent 2020 in December. Amazon HealthLake is a data lake service that helps healthcare, health insurance, and pharmaceutical companies to derive value out of their data with the help of NLP.  Redshift ML is a service that provides a gateway into SageMaker to Redshift users.",https://www.infoq.com/news/2021/01/aws-healthlake-redshift-preview/?topicPageSponsorship=5d648328-967c-4ae9-9990-206e78c20cb0,2021-01-21
139,Cloud,Microsoft Introduces Azure Health Bot,"Microsoft recently introduced Azure Health Bot, an evolution of Microsoft Healthcare Bot that is becoming an Azure service with added functionalities. Built for developing virtual health care assistants, Azure Health Bot combines medical databases with natural language capabilities.",https://www.infoq.com/news/2021/01/azure-health-bot/?topicPageSponsorship=5d648328-967c-4ae9-9990-206e78c20cb0,2021-01-21
140,"AI, ML & Data Engineering",TensorFlow 2.4 Release Includes CUDA 11 Support and API Updates,"The TensorFlow project announced the release of version 2.4.0 of the deep-learning framework, featuring support for CUDA 11, cuDNN 8, and NVIDIA's Ampere GPU architecture, as well as new strategies and profiling tools for distributed training. Other API updates include mixed-precision in Keras and a NumPy frontend.",https://www.infoq.com/news/2021/01/tensorflow-cuda-11/?topicPageSponsorship=5d648328-967c-4ae9-9990-206e78c20cb0,2021-01-19
141,"AI, ML & Data Engineering",AI Models from Google and Microsoft Exceed Human Performance on Language Understanding Benchmark,"Research teams from Google and Microsoft have recently developed natural language processing (NLP) AI models which have scored higher than the human baseline score on the SuperGLUE benchmark. SuperGLUE measures a model's score on several natural language understanding (NLU) tasks, including question answering and reading comprehension.",https://www.infoq.com/news/2021/01/google-microsoft-superhuman/?topicPageSponsorship=5d648328-967c-4ae9-9990-206e78c20cb0,2021-01-12
142,Architecture & Design,"Medium Describes ""Rex"" - a Go-Based Recommendation Service","In a recent blog post, Medium describes how it built a recommendation service named ""Rex."" The original recommendation service was part of the Node.js monolith, and it could only rank 150 stories. However, Medium wanted this service to rank hundreds of thousands of stories per user in under a second. So, they decided to build an entirely new, separate service using Go.",https://www.infoq.com/news/2021/01/medium-go-recommendation-service/?topicPageSponsorship=5d648328-967c-4ae9-9990-206e78c20cb0,2021-01-11
143,Java,Red Hat Releases OptaPlanner 8,"InfoQ spoke to Geoffrey De Smet about Red Hat’s OptaPlanner 8 release. This new version provides better support for new technologies such as Spring Boot and Quarkus, while still supporting Spring Boot and plain Java. One of the improvements for release 8 are quickstart examples showcasing the various OptaPlanner features in the supported technologies.",https://www.infoq.com/news/2021/01/red-hat-released-optaplanner-8/?topicPageSponsorship=5d648328-967c-4ae9-9990-206e78c20cb0,2021-01-07
144,"AI, ML & Data Engineering",PASS to Cease Operations on January 15,"PASS, formerly known as the Professional Association for SQL Server, will cease operations on January 15. The non-profit organization, which was known primarily for its conferences, is unable to meet its financial obligations.",https://www.infoq.com/news/2021/01/PASS-Closing/?topicPageSponsorship=5d648328-967c-4ae9-9990-206e78c20cb0,2021-01-05
145,"AI, ML & Data Engineering",DeepMind's AlphaFold2 AI Solves 50-Year-Old Biology Challenge,"The Protein Structure Prediction Center announced that AlphaFold2, an AI system developed by DeepMind, has solved its Protein Structure Prediction challenge. AlphaFold2 achieved a median score of 92.4 on the Global Distance Test (GDT) metric, above the threshold considered competitive with traditional methods.",https://www.infoq.com/news/2021/01/deepmind-alphafold-protein/?topicPageSponsorship=5d648328-967c-4ae9-9990-206e78c20cb0,2021-01-05
146,Culture & Methods,Experiences from Testing Stochastic Data Science Models,"A data science model is a statistical black box; testing it requires an understanding of mathematical techniques like algorithms, randomness, and statistics. To validate data science models you can use thresholds to handle output variance.",https://www.infoq.com/news/2020/12/testing-data-model/?topicPageSponsorship=5d648328-967c-4ae9-9990-206e78c20cb0,2020-12-31
147,"AI, ML & Data Engineering",Molecular Dynamics Simulation Based on Machine Learning Wins Gordon Bell Prize,"The 2020 Association for Computing Machinery (ACM) Gordon Bell Prize was given to a team of researchers from institutions in the USA and China for their project titled: ""Pushing the limit of molecular dynamics with ab initio accuracy to 100 million atoms with machine learning""",https://www.infoq.com/news/2020/12/ml-based-molecular-dynamics/?topicPageSponsorship=5d648328-967c-4ae9-9990-206e78c20cb0,2020-12-30
148,"AI, ML & Data Engineering",Caltech Open-Sources AI for Solving Partial Differential Equations,"Researchers from Caltech's DOLCIT group have open-sourced Fourier Neural Operator (FNO), a deep-learning method for solving partial differential equations (PDEs). FNO outperforms other existing deep-learning techniques for solving PDEs and is three orders of magnitude faster than traditional solvers.",https://www.infoq.com/news/2020/12/caltech-ai-pde/?topicPageSponsorship=5d648328-967c-4ae9-9990-206e78c20cb0,2020-12-29
149,Cloud,AWS Introduces Batch Support for AWS Fargate,"During the first week of the annual re:invent, AWS introduced the ability to specify AWS Fargate as a computing resource for AWS Batch jobs. With the AWS Batch support for AWS Fargate, customers will have a way to run jobs on serverless compute resources, fully-managed from job submission to completion.",https://www.infoq.com/news/2020/12/aws-batch-integration-fargate/?topicPageSponsorship=5d648328-967c-4ae9-9990-206e78c20cb0,2020-12-27
